category_id,view_count_initial,like_count_initial,c_view_count_initial,c_subscriber_count_initial,view_count_final,like_count_final,published_year,published_month,published_day_of_week,published_time,view_count_difference,like_count_difference,avg_view_diff_per_category,avg_likes_diff_per_category,engagement_score,channel_authority,logged_at_initial_hour,logged_at_final_hour
23.0,313.0,3.0,785521.0,-0.3427700024314972,472.0,4.0,2025,7,Thursday,19:40:50,159.0,1.0,1012.8636363636364,34.63636363636363,0.0062893081761006,7.462214939768189,20.0,21.0
24.0,1.0,0.0,357560.0,-0.3442376413218597,5.0,0.0,2025,7,Thursday,20:12:03,4.0,0.0,1079.7575757575758,31.74242424242424,0.0,6.762729506931879,20.0,21.0
20.0,6.0,0.0,43478.0,-0.3451038163290714,24.0,0.0,2025,7,Thursday,20:07:08,18.0,0.0,7633.540540540541,38.891891891891895,0.0,5.8522024797744745,20.0,21.0
24.0,3257.0,0.0,34502534.0,-0.17982187631658988,5130.0,0.0,2025,7,Thursday,19:30:13,1873.0,0.0,1079.7575757575758,31.74242424242424,0.0016017084890549,11.502885230075814,20.0,21.0
24.0,981.0,59.0,4489959.0,-0.307318816449681,1211.0,60.0,2025,7,Thursday,19:47:20,230.0,1.0,1079.7575757575758,31.74242424242424,0.017391304347826,10.038935856711175,20.0,21.0
22.0,0.0,0.0,1718095.0,-0.34292078724900016,0.0,0.0,2025,7,Thursday,19:38:43,0.0,0.0,1481.1782945736434,110.73643410852712,0.0,7.409136443920128,20.0,21.0
1.0,4.0,1.0,33225828.0,-0.2218740865313151,31.0,5.0,2025,7,Thursday,20:00:00,27.0,4.0,420.05263157894734,43.473684210526315,0.1481481481481481,11.210481638644469,20.0,21.0
17.0,2409.0,201.0,64175404.0,0.17703552510717377,5131.0,440.0,2025,7,Thursday,19:30:01,2722.0,239.0,1323.0,29.375,0.0999265246142542,12.650761671914688,20.0,21.0
22.0,3.0,1.0,1391.0,-0.3456784740224439,6.0,2.0,2025,7,Thursday,20:00:00,3.0,1.0,1481.1782945736434,110.73643410852712,0.3333333333333333,1.6094379124341005,20.0,21.0
20.0,6.0,4.0,241053.0,-0.3437584806795724,28.0,7.0,2025,7,Thursday,18:46:47,22.0,3.0,7633.540540540541,38.891891891891895,0.1363636363636363,7.048386408721883,20.0,21.0
24.0,270.0,33.0,393687.0,-0.3415302161542503,425.0,64.0,2025,7,Thursday,19:22:59,155.0,31.0,1079.7575757575758,31.74242424242424,0.2387096774193548,7.816416983691801,20.0,21.0
22.0,0.0,0.0,95639.0,-0.34332288009567485,1.0,0.0,2025,7,Thursday,19:56:37,1.0,0.0,1481.1782945736434,110.73643410852712,0.0,7.252053951852814,20.0,21.0
24.0,892.0,70.0,31546763.0,0.0681353791327858,2092.0,206.0,2025,7,Thursday,19:55:18,1200.0,136.0,1079.7575757575758,31.74242424242424,0.1208333333333333,12.417147664184917,20.0,21.0
22.0,0.0,0.0,45640.0,-0.3436914652051266,0.0,0.0,2025,7,Thursday,19:20:04,0.0,0.0,1481.1782945736434,110.73643410852712,0.0,7.0825485693553,20.0,21.0
20.0,1547.0,179.0,413327.0,-0.33538154637385026,9119.0,179.0,2025,7,Thursday,19:44:21,7572.0,0.0,7633.540540540541,38.891891891891895,0.0277337559429477,8.724369949208368,20.0,21.0
22.0,212.0,7.0,182671.0,-0.3435071726504007,737.0,28.0,2025,7,Thursday,19:58:16,525.0,21.0,1481.1782945736434,110.73643410852712,0.0571428571428571,7.170888478512505,20.0,21.0
24.0,0.0,0.0,208.0,-0.34535177358452074,0.0,0.0,2025,7,Thursday,19:55:25,0.0,0.0,1079.7575757575758,31.74242424242424,0.0,5.298317366548036,20.0,21.0
24.0,558.0,23.0,35854863.0,-0.1883663493084265,897.0,54.0,2025,7,Thursday,19:45:12,339.0,31.0,1079.7575757575758,31.74242424242424,0.0914454277286135,11.44999631476691,20.0,21.0
22.0,0.0,0.0,0.0,-0.3456801494093051,2.0,1.0,2025,7,Thursday,19:35:16,2.0,1.0,1481.1782945736434,110.73643410852712,0.5,1.3862943611198906,20.0,21.0
22.0,5.0,2.0,236278.0,-0.3434569110445664,5.0,2.0,2025,7,Thursday,19:30:06,0.0,0.0,1481.1782945736434,110.73643410852712,0.0,7.193685818395112,20.0,21.0
20.0,5995.0,459.0,31622557.0,-0.11615717559310154,6007.0,461.0,2025,7,Thursday,19:58:52,12.0,2.0,7633.540540540541,38.891891891891895,0.1666666666666666,11.827743504053696,20.0,21.0
23.0,5055.0,156.0,645213674.0,0.9393365469278895,5754.0,230.0,2025,7,Thursday,19:35:47,699.0,74.0,1012.8636363636364,34.63636363636363,0.1101573676680972,13.550243384129509,20.0,21.0
,,,,,,,2025,7,Thursday,19:48:53,,,,,,,,
17.0,388.0,30.0,22644732.0,-0.28386340039365904,656.0,57.0,2025,7,Thursday,19:20:06,268.0,27.0,1323.0,29.375,0.2462686567164179,10.515993929932415,20.0,21.0
23.0,3.0,1.0,582389.0,-0.3445844464021166,3.0,1.0,2025,7,Thursday,19:20:38,0.0,0.0,1012.8636363636364,34.63636363636363,0.0,6.489204931325317,20.0,21.0
20.0,0.0,0.0,1127.0,-0.3456600447669713,0.0,0.0,2025,7,Thursday,20:16:36,0.0,0.0,7633.540540540541,38.891891891891895,0.0,2.772588722239781,20.0,21.0
25.0,1432.0,126.0,245264275.0,0.032952255048752765,2264.0,271.0,2025,7,Thursday,19:30:06,832.0,145.0,502.8888888888889,22.11111111111111,0.1923076923076923,12.328294703023394,20.0,21.0
22.0,0.0,0.0,45640.0,-0.3436914652051266,0.0,0.0,2025,7,Thursday,19:18:36,0.0,0.0,1481.1782945736434,110.73643410852712,0.0,7.0825485693553,20.0,21.0
,,,,,,,2025,7,Thursday,19:30:19,,,,,,,,
22.0,24.0,1.0,5210.0,-0.3456784740224439,25.0,1.0,2025,7,Thursday,19:56:17,1.0,0.0,1481.1782945736434,110.73643410852712,0.0,1.6094379124341005,20.0,21.0
22.0,11.0,0.0,168.0,-0.34567679863558276,33.0,0.0,2025,7,Thursday,19:30:07,22.0,0.0,1481.1782945736434,110.73643410852712,0.3181818181818182,1.791759469228055,20.0,21.0
22.0,2.0,1.0,11921.0,-0.3455947046793867,2.0,1.0,2025,7,Thursday,19:36:24,0.0,0.0,1481.1782945736434,110.73643410852712,0.0,4.007333185232471,20.0,21.0
,,,,,,,2025,7,Thursday,20:00:06,,,,,,,,
24.0,1.0,0.0,0.0,-0.3456851755698885,3.0,1.0,2025,7,Thursday,19:57:14,2.0,1.0,1079.7575757575758,31.74242424242424,0.5,0.0,20.0,21.0
1.0,199.0,5.0,25257441.0,-0.179486798944361,458.0,8.0,2025,7,Thursday,19:30:12,259.0,3.0,420.05263157894734,43.473684210526315,0.0115830115830115,11.504903373867316,20.0,21.0
22.0,399.0,26.0,127969.0,-0.3444336615846136,561.0,40.0,2025,7,Thursday,19:17:58,162.0,14.0,1481.1782945736434,110.73643410852712,0.191358024691358,6.617402977974478,20.0,21.0
20.0,621.0,31.0,38238696.0,-0.27665923689073796,769.0,44.0,2025,7,Thursday,19:21:14,148.0,13.0,7633.540540540541,38.891891891891895,4.8175675675675675,10.626217806887722,20.0,21.0
20.0,1357.0,95.0,3383493.0,-0.31083712885808434,5255.0,314.0,2025,7,Thursday,19:47:13,3898.0,219.0,7633.540540540541,38.891891891891895,0.7744997434581837,9.942756341456828,20.0,21.0
22.0,12.0,0.0,700.0,-0.3456784740224439,12.0,0.0,2025,7,Thursday,19:49:28,0.0,0.0,1481.1782945736434,110.73643410852712,0.0,1.6094379124341005,20.0,21.0
20.0,3061.0,136.0,55456187.0,0.06143383168820808,4962.0,410.0,2025,7,Thursday,19:36:47,1901.0,274.0,7633.540540540541,38.891891891891895,3.826407154129406,12.400820837540556,20.0,21.0
22.0,0.0,1.0,10.0,-0.3456851755698885,3.0,1.0,2025,7,Thursday,20:03:31,3.0,0.0,1481.1782945736434,110.73643410852712,0.0,0.0,20.0,21.0
10.0,460.0,5.0,1165659.0,-0.33568311600885625,741.0,7.0,2025,7,Thursday,19:31:48,281.0,2.0,218.92307692307693,4.076923076923077,0.0071174377224199,8.694669696546992,20.0,21.0
24.0,593.0,12.0,43002436.0,-0.2379578003983016,951.0,21.0,2025,7,Thursday,19:31:07,358.0,9.0,1079.7575757575758,31.74242424242424,0.0335195530726257,11.071330462204312,20.0,21.0
1.0,16.0,0.0,9484.0,-0.3455913539056644,64.0,0.0,2025,7,Thursday,19:19:08,48.0,0.0,420.05263157894734,43.473684210526315,0.1458333333333333,4.04305126783455,20.0,21.0
22.0,3.0,1.0,23539.0,-0.34559302929252556,4.0,1.0,2025,7,Thursday,19:53:04,1.0,0.0,1481.1782945736434,110.73643410852712,0.0,4.02535169073515,20.0,21.0
24.0,28.0,3.0,608255.0,-0.3411448771761871,76.0,4.0,2025,7,Thursday,19:33:06,48.0,1.0,1079.7575757575758,31.74242424242424,0.0208333333333333,7.905072849498666,20.0,21.0
23.0,4300.0,53.0,1047773300.0,0.8270856272312127,5340.0,87.0,2025,7,Thursday,19:18:41,1040.0,34.0,1012.8636363636364,34.63636363636363,0.0326923076923076,13.45883704259595,20.0,21.0
22.0,6.0,1.0,493940.0,-0.34318884914678327,8.0,1.0,2025,7,Thursday,20:12:23,2.0,0.0,1481.1782945736434,110.73643410852712,0.0,7.307202314764738,20.0,21.0
25.0,120.0,21.0,18183281.0,-0.2153400777728518,529.0,63.0,2025,7,Thursday,20:00:06,409.0,42.0,502.8888888888889,22.11111111111111,0.1320293398533007,11.261909563554315,20.0,21.0
24.0,133.0,10.0,19260.0,-0.3454556475699117,160.0,13.0,2025,7,Thursday,19:56:34,27.0,3.0,1079.7575757575758,31.74242424242424,0.1111111111111111,4.927253685157205,20.0,21.0
22.0,584.0,5.0,282704.0,-0.34317209527817183,644.0,5.0,2025,7,Thursday,19:19:57,60.0,0.0,1481.1782945736434,110.73643410852712,1.1666666666666667,7.313886831633462,20.0,21.0
24.0,4956.0,0.0,502001562.0,1.5977635833576507,8767.0,0.0,2025,7,Thursday,19:20:05,3811.0,0.0,1079.7575757575758,31.74242424242424,0.0007871949619522,13.96393142515114,20.0,21.0
24.0,258.0,1.0,58587.0,-0.3455829769713587,258.0,1.0,2025,7,Thursday,19:44:12,0.0,0.0,1079.7575757575758,31.74242424242424,0.0,4.127134385045092,20.0,21.0
22.0,130.0,2.0,493.0,-0.3456600447669713,139.0,2.0,2025,7,Thursday,19:54:52,9.0,0.0,1481.1782945736434,110.73643410852712,0.0,2.772588722239781,20.0,21.0
20.0,1739.0,218.0,7019651.0,-0.3071512777635666,18960.0,215.0,2025,7,Thursday,19:35:34,17221.0,-3.0,7633.540540540541,38.891891891891895,-0.0001742059113872,10.043292972227004,20.0,21.0
22.0,0.0,0.0,9852.0,-0.3456399401246376,0.0,0.0,2025,7,Thursday,19:41:13,0.0,0.0,1481.1782945736434,110.73643410852712,0.0,3.332204510175204,20.0,21.0
22.0,548.0,4.0,281326834.0,0.9108549702884342,1048.0,10.0,2025,7,Thursday,19:45:26,500.0,6.0,1481.1782945736434,110.73643410852712,0.012,13.527829818844936,20.0,21.0
22.0,338.0,9.0,8597512.0,-0.32222975951386645,405.0,13.0,2025,7,Thursday,19:40:06,67.0,4.0,1481.1782945736434,110.73643410852712,0.0597014925373134,9.546884034617923,20.0,21.0
1.0,24.0,6.0,1801867.0,-0.2893921770354356,160.0,32.0,2025,7,Thursday,20:07:13,136.0,26.0,420.05263157894734,43.473684210526315,0.2573529411764705,10.42231110741318,20.0,21.0
2.0,168.0,3.0,1682496.0,-0.3259156106083842,337.0,5.0,2025,7,Thursday,20:07:29,169.0,2.0,248.71428571428572,9.857142857142858,0.0118343195266272,9.375939552625749,20.0,21.0
17.0,261.0,10.0,740014.0,-0.34323911075261765,447.0,26.0,2025,7,Thursday,19:39:08,186.0,16.0,1323.0,29.375,0.8709677419354839,7.2868764117507,20.0,21.0
,,,,,,,2025,7,Thursday,19:39:06,,,,,,,,
24.0,59.0,2.0,33540048.0,-0.1826700339805354,519.0,7.0,2025,7,Thursday,20:00:33,460.0,5.0,1079.7575757575758,31.74242424242424,1.5326086956521738,11.485564545613576,20.0,21.0
22.0,663.0,17.0,377553.0,-0.34484580675245513,663.0,18.0,2025,7,Thursday,19:25:41,0.0,1.0,1481.1782945736434,110.73643410852712,0.0,6.218600119691729,20.0,21.0
23.0,493.0,0.0,4332253.0,-0.26426137411826917,2265.0,0.0,2025,7,Thursday,19:58:37,1772.0,0.0,1012.8636363636364,34.63636363636363,0.010158013544018,10.791399385808589,20.0,21.0
17.0,34490.0,1081.0,1227553144.0,9.036481246838921,34490.0,1089.0,2025,7,Thursday,19:30:22,0.0,8.0,1323.0,29.375,0.0,15.53827733427679,20.0,21.0
19.0,130.0,37.0,20604421.0,-0.22254424127577285,777.0,202.0,2025,7,Thursday,20:06:56,647.0,165.0,455.25,46.0,0.3431221020092735,11.205054290550551,20.0,21.0
22.0,367.0,5.0,276043556.0,0.1452031747454296,1148.0,22.0,2025,7,Thursday,19:54:05,781.0,17.0,1481.1782945736434,110.73643410852712,0.0217669654289372,12.587931300962664,20.0,21.0
17.0,558.0,11.0,102614876.0,-0.23611487485104274,742.0,19.0,2025,7,Thursday,19:39:24,184.0,8.0,1323.0,29.375,0.0760869565217391,11.088292827848267,20.0,21.0
17.0,1477.0,86.0,2373531.0,-0.27984247192691236,1477.0,87.0,2025,7,Thursday,19:54:41,0.0,1.0,1323.0,29.375,0.0,10.579005242826248,20.0,21.0
,,,,,,,2025,7,Thursday,19:43:44,,,,,,,,
20.0,17728.0,1147.0,164501229.0,0.34122343749932793,108444.0,1124.0,2025,7,Thursday,19:33:09,90716.0,-23.0,7633.540540540541,38.891891891891895,-0.0002535385158075,12.923914877701906,20.0,21.0
19.0,371.0,25.0,5790857.0,-0.320554372652722,440.0,33.0,2025,7,Thursday,19:25:21,69.0,8.0,455.25,46.0,0.1159420289855072,9.61587214452889,20.0,21.0
22.0,119.0,9.0,27196012.0,-0.28084770404359904,243.0,18.0,2025,7,Thursday,19:49:46,124.0,9.0,1481.1782945736434,110.73643410852712,0.1209677419354838,10.563620718477312,20.0,21.0
22.0,438.0,9.0,1421435.0,-0.3411448771761871,1077.0,11.0,2025,7,Thursday,19:53:01,639.0,2.0,1481.1782945736434,110.73643410852712,0.0031298904538341,7.905072849498666,20.0,21.0
22.0,0.0,0.0,1718095.0,-0.34292078724900016,4.0,0.0,2025,7,Thursday,19:52:46,4.0,0.0,1481.1782945736434,110.73643410852712,0.0,7.409136443920128,20.0,21.0
24.0,2182.0,9.0,30778643.0,-0.18652342376116762,5566.0,22.0,2025,7,Thursday,19:23:51,3384.0,13.0,1079.7575757575758,31.74242424242424,0.0038416075650118,11.461642696843066,20.0,21.0
17.0,84.0,0.0,77569339.0,0.47357899952973787,675.0,0.0,2025,7,Thursday,20:09:11,591.0,0.0,1323.0,29.375,0.0050761421319796,13.100119813444692,20.0,21.0
22.0,501.0,1.0,207179.0,-0.34515910409548917,545.0,1.0,2025,7,Thursday,19:33:13,44.0,0.0,1481.1782945736434,110.73643410852712,0.0,5.752572638825633,20.0,21.0
23.0,311.0,8.0,25782.0,-0.3455963800662478,969.0,16.0,2025,7,Thursday,19:56:52,658.0,8.0,1012.8636363636364,34.63636363636363,0.0227963525835866,3.9889840465642745,20.0,21.0
22.0,240.0,4.0,448719.0,-0.3332035434543625,687.0,20.0,2025,7,Thursday,19:59:06,447.0,16.0,1481.1782945736434,110.73643410852712,0.192393736017897,8.916103530553727,20.0,21.0
1.0,40.0,2.0,115217.0,-0.3446062264313115,85.0,5.0,2025,7,Thursday,19:30:27,45.0,3.0,420.05263157894734,43.473684210526315,0.2222222222222222,6.4692503167957724,20.0,21.0
10.0,3.0,0.0,935552.0,-0.3402066605339462,3.0,0.0,2025,7,Thursday,20:10:06,0.0,0.0,218.92307692307693,4.076923076923077,0.0,8.092851027538384,20.0,21.0
,,,,,,,2025,7,Thursday,19:20:06,,,,,,,,
22.0,454.0,14.0,1129939820.0,5.534922707047063,1140.0,28.0,2025,7,Thursday,19:46:55,686.0,14.0,1481.1782945736434,110.73643410852712,0.0204081632653061,15.071126880342293,20.0,21.0
24.0,426.0,10.0,150680416.0,-0.005581642757569134,650.0,22.0,2025,7,Thursday,19:30:30,224.0,12.0,1079.7575757575758,31.74242424242424,0.0535714285714285,12.220966184120163,20.0,21.0
22.0,64.0,0.0,11343.0,-0.34567679863558276,130.0,0.0,2025,7,Thursday,20:07:08,66.0,0.0,1481.1782945736434,110.73643410852712,0.0,1.791759469228055,20.0,21.0
17.0,373.0,0.0,112498.0,-0.345180884124684,373.0,0.0,2025,7,Thursday,19:21:29,0.0,0.0,1323.0,29.375,0.0,5.71042701737487,20.0,21.0
22.0,119.0,2.0,110789.0,-0.34454591250431027,538.0,2.0,2025,7,Thursday,20:09:39,419.0,0.0,1481.1782945736434,110.73643410852712,0.0,6.523562306149512,20.0,21.0
22.0,571.0,9.0,32552940.0,-0.3094968193691688,574.0,9.0,2025,7,Thursday,19:30:57,3.0,0.0,1481.1782945736434,110.73643410852712,233.33333333333337,9.980494888896912,20.0,21.0
22.0,0.0,0.0,0.0,-0.34566172015383245,1.0,0.0,2025,7,Thursday,19:19:30,1.0,0.0,1481.1782945736434,110.73643410852712,0.0,2.70805020110221,20.0,21.0
24.0,718.0,0.0,10496683.0,-0.3012874237495611,1927.0,0.0,2025,7,Thursday,19:45:35,1209.0,0.0,1079.7575757575758,31.74242424242424,0.0074441687344913,10.184937747111393,20.0,21.0
1.0,4001.0,376.0,1325230570.0,8.366326502381149,5239.0,808.0,2025,7,Thursday,19:30:31,1238.0,432.0,420.05263157894734,43.473684210526315,0.3877221324717286,15.46416937585933,20.0,21.0
22.0,0.0,0.0,55142.0,-0.34365795746790373,1.0,0.0,2025,7,Thursday,19:18:00,1.0,0.0,1481.1782945736434,110.73643410852712,0.0,7.099201743553092,20.0,21.0
10.0,30.0,1.0,723184.0,-0.34416559968683047,40.0,3.0,2025,7,Thursday,19:43:49,10.0,2.0,218.92307692307693,4.076923076923077,0.2,6.811244378601294,20.0,21.0
22.0,1.0,0.0,356.0,-0.3451892610589897,1.0,0.0,2025,7,Thursday,19:37:01,0.0,0.0,1481.1782945736434,110.73643410852712,0.0,5.6937321388027,20.0,21.0
22.0,1.0,0.0,1035352.0,-0.34465816342400696,9.0,0.0,2025,7,Thursday,19:34:29,8.0,0.0,1481.1782945736434,110.73643410852712,0.875,6.419994928147142,20.0,21.0
20.0,1860.0,29.0,933910.0,-0.3313941256443265,5560.0,29.0,2025,7,Thursday,20:07:16,3700.0,0.0,7633.540540540541,38.891891891891895,0.0,9.051461866908694,20.0,21.0
22.0,2050.0,544.0,1236651361.0,2.9548269408846393,17468.0,3741.0,2025,7,Thursday,20:10:06,15418.0,3197.0,1481.1782945736434,110.73643410852712,0.2359579712024906,14.493544608328255,20.0,21.0
20.0,435.0,49.0,19941089.0,-0.17647110259430102,806.0,69.0,2025,7,Thursday,19:53:06,371.0,20.0,7633.540540540541,38.891891891891895,0.0539083557951482,11.52288569676448,20.0,21.0
10.0,0.0,0.0,1024.0,-0.3456751232487216,0.0,0.0,2025,7,Thursday,20:16:55,0.0,0.0,218.92307692307693,4.076923076923077,0.0,1.9459101490553132,20.0,21.0
22.0,4261.0,666.0,2950975.0,-0.3371407025780519,5320.0,1206.0,2025,7,Thursday,19:18:31,1059.0,540.0,1481.1782945736434,110.73643410852712,0.8432483474976393,8.537191877922927,20.0,21.0
23.0,276.0,15.0,473497.0,-0.3427700024314972,816.0,38.0,2025,7,Thursday,19:53:43,540.0,23.0,1012.8636363636364,34.63636363636363,0.0425925925925925,7.462214939768189,20.0,21.0
17.0,120.0,9.0,32320751.0,-0.007257029618713565,172.0,14.0,2025,7,Thursday,19:20:42,52.0,5.0,1323.0,29.375,0.0961538461538461,12.216027926866138,20.0,21.0
27.0,352.0,10.0,103784768.0,-0.07092173034220192,566.0,23.0,2025,7,Thursday,19:45:14,214.0,13.0,411.4,46.8,0.0607476635514018,12.00762780434872,20.0,21.0
24.0,5.0,8.0,3789.0,-0.34565669399324905,20.0,9.0,2025,7,Thursday,19:53:10,15.0,1.0,1079.7575757575758,31.74242424242424,0.4666666666666667,2.8903717578961645,20.0,21.0
22.0,359.0,3.0,1014836.0,-0.34384225002262964,359.0,5.0,2025,7,Thursday,19:27:27,0.0,2.0,1481.1782945736434,110.73643410852712,0.0,7.00397413672268,20.0,21.0
22.0,3.0,1.0,8619.0,-0.345621510869165,3.0,1.0,2025,7,Thursday,19:19:27,0.0,0.0,1481.1782945736434,110.73643410852712,0.0,3.6635616461296463,20.0,21.0
22.0,0.0,0.0,5891.0,-0.3456667463144159,0.0,0.0,2025,7,Thursday,20:00:15,0.0,0.0,1481.1782945736434,110.73643410852712,0.0,2.4849066497880004,20.0,21.0
17.0,72.0,13.0,664816.0,-0.3349124380527298,110.0,20.0,2025,7,Thursday,19:44:40,38.0,7.0,1323.0,29.375,0.1842105263157894,8.768885326134862,20.0,21.0
22.0,1065.0,112.0,61237634.0,-0.05416786173075761,2951.0,369.0,2025,7,Thursday,19:54:42,1886.0,257.0,1481.1782945736434,110.73643410852712,0.1426299045599151,12.066816325306588,20.0,21.0
20.0,8.0,0.0,26467.0,-0.34554444307355237,28.0,0.0,2025,7,Thursday,19:52:26,20.0,0.0,7633.540540540541,38.891891891891895,0.0,4.442651256490317,20.0,21.0
22.0,327.0,0.0,27210.0,-0.3455880031319421,335.0,0.0,2025,7,Thursday,19:20:49,8.0,0.0,1481.1782945736434,110.73643410852712,0.0,4.07753744390572,20.0,21.0
22.0,20.0,1.0,5489.0,-0.34566172015383245,50.0,1.0,2025,7,Thursday,20:04:29,30.0,0.0,1481.1782945736434,110.73643410852712,0.0,2.70805020110221,20.0,21.0
23.0,160.0,0.0,47673883.0,-0.03406321939702445,160.0,0.0,2025,7,Thursday,19:25:51,0.0,0.0,1012.8636363636364,34.63636363636363,0.0,12.133507329024972,20.0,21.0
22.0,3225.0,220.0,1453015415.0,3.3736736561707468,6305.0,305.0,2025,7,Thursday,19:29:18,3080.0,85.0,1481.1782945736434,110.73643410852712,0.0324675324675324,14.613018204298813,20.0,21.0
10.0,14.0,1.0,898335.0,-0.3291993688562273,21.0,2.0,2025,7,Thursday,19:31:05,7.0,1.0,218.92307692307693,4.076923076923077,0.1428571428571428,9.194312610898985,20.0,21.0
22.0,5807.0,510.0,281776267.0,1.0934721381531771,17541.0,1468.0,2025,7,Thursday,19:55:53,11734.0,958.0,1481.1782945736434,110.73643410852712,0.0847110959604568,13.663525365110068,20.0,21.0
20.0,0.0,0.0,1042183.0,-0.34397628097152116,0.0,0.0,2025,7,Thursday,19:30:06,0.0,0.0,7633.540540540541,38.891891891891895,0.0,6.928537818164665,20.0,21.0
22.0,214.0,2.0,38569145.0,-0.2729733857962202,687.0,22.0,2025,7,Thursday,19:56:32,473.0,20.0,1481.1782945736434,110.73643410852712,0.0422832980972515,10.6782377612977,20.0,21.0
26.0,389.0,13.0,653409605.0,4.127597743685741,1147.0,58.0,2025,7,Thursday,19:56:25,758.0,45.0,379.0,22.5,0.0593667546174142,14.797589404908198,20.0,21.0
22.0,500.0,11.0,1959457.0,-0.34139618520535875,759.0,14.0,2025,7,Thursday,19:37:50,259.0,3.0,1481.1782945736434,110.73643410852712,0.0115830115830115,7.848153086199526,20.0,21.0
22.0,3503.0,116.0,48657075.0,-0.0424401537027466,5088.0,118.0,2025,7,Thursday,19:42:50,1585.0,2.0,1481.1782945736434,110.73643410852712,0.0012618296529968,12.10625783509458,20.0,21.0
24.0,104.0,0.0,21503748.0,-0.28788432886040566,212.0,0.0,2025,7,Thursday,19:21:00,108.0,0.0,1079.7575757575758,31.74242424242424,0.0,10.448743588106623,20.0,21.0
25.0,527.0,2.0,37223228.0,-0.15134029967713458,706.0,6.0,2025,7,Thursday,19:20:46,179.0,4.0,502.8888888888889,22.11111111111111,0.0223463687150838,11.661354090741,20.0,21.0
22.0,4.0,0.0,1022.0,-0.345633238577193,4.0,0.0,2025,7,Thursday,19:35:54,0.0,0.0,1481.1782945736434,110.73643410852712,0.0,3.4657359027997265,20.0,21.0
22.0,915.0,18.0,22551.0,-0.3452026641538789,1208.0,25.0,2025,7,Thursday,20:04:57,293.0,7.0,1481.1782945736434,110.73643410852712,0.0580204778156996,5.666426688112432,20.0,21.0
17.0,132145.0,801.0,21726527.0,-0.16809416828857887,143370.0,803.0,2025,7,Thursday,19:24:03,11225.0,2.0,1323.0,29.375,0.0001781737193763,11.571203807011967,20.0,21.0
22.0,779.0,10.0,987329.0,-0.3391511668114252,1211.0,12.0,2025,7,Thursday,19:32:06,432.0,2.0,1481.1782945736434,110.73643410852712,0.0046296296296296,8.268988209506656,20.0,21.0
24.0,148.0,14.0,204819672.0,4.010320663405631,212.0,18.0,2025,7,Thursday,19:30:06,64.0,4.0,1079.7575757575758,31.74242424242424,0.15625,14.77102238760702,20.0,21.0
,,,,,,,2025,7,Thursday,20:04:26,,,,,,,,
27.0,174.0,2.0,6164.0,-0.34565669399324905,178.0,1.0,2025,7,Thursday,19:22:41,4.0,-1.0,411.4,46.8,-0.25,2.8903717578961645,20.0,21.0
26.0,246.0,2.0,5949750.0,-0.2379578003983016,246.0,2.0,2025,7,Thursday,19:20:52,0.0,0.0,379.0,22.5,0.0,11.071330462204312,20.0,21.0
23.0,3424.0,23.0,133098101.0,-0.1697695551497233,5192.0,45.0,2025,7,Thursday,19:34:14,1768.0,22.0,1012.8636363636364,34.63636363636363,0.0124434389140271,11.561725152903833,20.0,21.0
22.0,295.0,7.0,1557387.0,-0.34094383075284973,333.0,13.0,2025,7,Thursday,19:18:34,38.0,6.0,1481.1782945736434,110.73643410852712,0.1578947368421052,7.9483852851118995,20.0,21.0
22.0,608.0,11.0,16532972.0,-0.3165334441859754,1482.0,67.0,2025,7,Thursday,19:37:38,874.0,56.0,1481.1782945736434,110.73643410852712,0.0640732265446224,9.76428295481558,20.0,21.0
20.0,184.0,2.0,363678707.0,0.18206168569060707,260.0,4.0,2025,7,Thursday,19:36:02,76.0,2.0,7633.540540540541,38.891891891891895,0.0263157894736842,12.660331092405906,20.0,21.0
,,,,,,,2025,7,Thursday,20:00:11,,,,,,,,
24.0,344.0,1.0,121107.0,-0.3442460182561654,470.0,1.0,2025,7,Thursday,20:00:25,126.0,0.0,1079.7575757575758,31.74242424242424,0.0,6.756932389247553,20.0,21.0
24.0,4823.0,16.0,470472180.0,-0.17814648945544545,30694.0,82.0,2025,7,Thursday,20:02:32,25871.0,66.0,1079.7575757575758,31.74242424242424,0.0025511190135673,11.51293546492023,20.0,21.0
24.0,113.0,14.0,220512744.0,1.2894924009070754,203.0,19.0,2025,7,Thursday,19:31:07,90.0,5.0,1079.7575757575758,31.74242424242424,0.0555555555555555,13.791218889984869,20.0,21.0
22.0,0.0,0.0,45640.0,-0.3436914652051266,0.0,0.0,2025,7,Thursday,19:23:48,0.0,0.0,1481.1782945736434,110.73643410852712,0.0,7.0825485693553,20.0,21.0
22.0,637.0,296.0,168381215.0,2.0836257730895356,990.0,527.0,2025,7,Thursday,19:31:15,353.0,231.0,1481.1782945736434,110.73643410852712,0.7818696883852692,14.187074804051692,20.0,21.0
20.0,0.0,1.0,3065021.0,-0.3386653046216933,0.0,1.0,2025,7,Thursday,20:09:25,0.0,0.0,7633.540540540541,38.891891891891895,0.0,8.340694647925071,20.0,21.0
15.0,653.0,4.0,76756.0,-0.3454405690881614,1030.0,10.0,2025,7,Thursday,19:54:04,377.0,6.0,380.5,4.25,0.0159151193633952,4.990432586778736,20.0,21.0
22.0,0.0,0.0,6294.0,-0.3456650709275548,0.0,0.0,2025,7,Thursday,19:39:30,0.0,0.0,1481.1782945736434,110.73643410852712,0.0,2.5649493574615367,20.0,21.0
10.0,63.0,5.0,227824.0,-0.3438590038912411,174.0,11.0,2025,7,Thursday,19:43:22,111.0,6.0,218.92307692307693,4.076923076923077,0.081081081081081,6.994849985833071,20.0,21.0
24.0,239.0,1.0,79747897.0,-0.23963318725944605,395.0,4.0,2025,7,Thursday,19:30:33,156.0,3.0,1079.7575757575758,31.74242424242424,0.0192307692307692,11.055656405795794,20.0,21.0
1.0,21.0,3.0,41076049.0,0.3395480506381835,23.0,3.0,2025,7,Thursday,19:27:02,2.0,0.0,420.05263157894734,43.473684210526315,0.0,12.921472880009723,20.0,21.0
24.0,207.0,2.0,20359.0,-0.3455042337888849,317.0,4.0,2025,7,Thursday,20:00:10,110.0,2.0,1079.7575757575758,31.74242424242424,0.0818181818181818,4.6913478822291435,20.0,21.0
15.0,1818.0,5.0,6208244.0,-0.3360014395124737,2719.0,6.0,2025,7,Thursday,20:07:51,901.0,1.0,380.5,4.25,0.0788013318534961,8.662331957082475,20.0,21.0
24.0,58.0,16.0,101700801.0,0.10331850321681883,334.0,44.0,2025,7,Thursday,20:00:06,276.0,28.0,1079.7575757575758,31.74242424242424,0.144927536231884,12.498745990829317,20.0,21.0
22.0,12.0,0.0,82977.0,-0.3455813015844975,200.0,0.0,2025,7,Thursday,20:10:06,188.0,0.0,1481.1782945736434,110.73643410852712,0.0,4.143134726391533,20.0,21.0
22.0,87.0,5.0,33940.0,-0.34555784616844154,99.0,5.0,2025,7,Thursday,19:34:43,12.0,0.0,1481.1782945736434,110.73643410852712,0.0,4.343805421853684,20.0,21.0
20.0,2191.0,616.0,201964820.0,0.555672955725815,4905.0,1178.0,2025,7,Thursday,19:45:38,2714.0,562.0,7633.540540540541,38.891891891891895,0.2070744288872512,13.195615697878251,20.0,21.0
22.0,0.0,0.0,0.0,-0.3456851755698885,0.0,0.0,2025,7,Thursday,19:22:53,0.0,0.0,1481.1782945736434,110.73643410852712,0.0,0.0,20.0,21.0
24.0,172.0,22.0,123401641.0,1.3213247512688195,482.0,85.0,2025,7,Thursday,20:00:06,310.0,63.0,1079.7575757575758,31.74242424242424,0.2516129032258064,13.81049902116535,20.0,21.0
23.0,0.0,0.0,2151.0,-0.3455813015844975,1.0,1.0,2025,7,Thursday,19:22:34,1.0,1.0,1012.8636363636364,34.63636363636363,1.0,4.143134726391533,20.0,21.0
23.0,1441.0,28.0,59062788.0,-0.2744812339712502,3844.0,87.0,2025,7,Thursday,19:42:43,2403.0,59.0,1012.8636363636364,34.63636363636363,0.0245526425301706,10.65728288404746,20.0,21.0
22.0,44.0,3.0,680368.0,-0.338615043015859,91.0,6.0,2025,7,Thursday,19:30:23,47.0,3.0,1481.1782945736434,110.73643410852712,0.0638297872340425,8.347827345782498,20.0,21.0
24.0,0.0,0.0,415179.0,-0.3430380643292803,2.0,0.0,2025,7,Thursday,19:30:33,2.0,0.0,1079.7575757575758,31.74242424242424,0.0,7.365812837209472,20.0,21.0
22.0,25.0,3.0,10317.0,-0.34564161551149875,25.0,3.0,2025,7,Thursday,19:28:39,0.0,0.0,1481.1782945736434,110.73643410852712,0.0,3.295836866004329,20.0,21.0
24.0,6.0,3.0,57550.0,-0.3443046567963055,10.0,3.0,2025,7,Thursday,19:35:03,4.0,0.0,1079.7575757575758,31.74242424242424,3.25,6.715383386334681,20.0,21.0
10.0,3101.0,0.0,2736015.0,-0.3395867673953228,5193.0,0.0,2025,7,Thursday,19:31:15,2092.0,0.0,218.92307692307693,4.076923076923077,0.4043977055449331,8.200013648175434,20.0,21.0
24.0,469.0,0.0,5017234.0,-0.19473281938077533,1213.0,0.0,2025,7,Thursday,20:01:15,744.0,0.0,1079.7575757575758,31.74242424242424,0.0,11.408686542313973,20.0,21.0
10.0,311.0,45.0,135791.0,-0.3444286354240302,311.0,47.0,2025,7,Thursday,19:40:14,0.0,2.0,218.92307692307693,4.076923076923077,0.0,6.621405651764134,20.0,21.0
22.0,0.0,0.0,14400.0,-0.3452629780808801,1.0,0.0,2025,7,Thursday,19:19:55,1.0,0.0,1481.1782945736434,110.73643410852712,70.0,5.53338948872752,20.0,21.0
22.0,3784.0,115.0,83186993.0,-0.2433190383539638,5177.0,221.0,2025,7,Thursday,19:33:56,1393.0,106.0,1481.1782945736434,110.73643410852712,0.0760947595118449,11.020283511637867,20.0,21.0
22.0,295.0,8.0,1100318.0,-0.3267533040389564,386.0,14.0,2025,7,Thursday,19:30:35,91.0,6.0,1481.1782945736434,110.73643410852712,0.0659340659340659,9.332646496360152,20.0,21.0
25.0,162.0,15.0,125450884.0,0.820384079786635,207.0,18.0,2025,7,Thursday,19:21:50,45.0,3.0,502.8888888888889,22.11111111111111,0.0666666666666666,13.453106376097134,20.0,21.0
24.0,1658.0,6.0,15192999.0,-0.320554372652722,1899.0,11.0,2025,7,Thursday,19:25:14,241.0,5.0,1079.7575757575758,31.74242424242424,2.925311203319502,9.61587214452889,20.0,21.0
24.0,189.0,16.0,281782159.0,0.03127686818760833,411.0,31.0,2025,7,Thursday,19:35:00,222.0,15.0,1079.7575757575758,31.74242424242424,0.1081081081081081,12.323860125621126,20.0,21.0
20.0,0.0,0.0,32.0,-0.3456851755698885,1.0,0.0,2025,7,Thursday,19:56:56,1.0,0.0,7633.540540540541,38.891891891891895,0.0,0.0,20.0,21.0
22.0,66.0,0.0,3293.0,-0.3456734478618605,145.0,0.0,2025,7,Thursday,19:44:15,79.0,0.0,1481.1782945736434,110.73643410852712,0.0,2.0794415416798357,20.0,21.0
22.0,10199.0,1009.0,49745193.0,-0.19221973908905868,16707.0,1813.0,2025,7,Thursday,19:22:29,6508.0,804.0,1481.1782945736434,110.73643410852712,0.132759680393362,11.4251974676332,20.0,21.0
20.0,49052.0,999.0,3341155.0,-0.29492095367721227,114219.0,991.0,2025,7,Thursday,19:48:00,65167.0,-8.0,7633.540540540541,38.891891891891895,-0.0001227615204014,10.318935994253192,20.0,21.0
2.0,8.0,0.0,459134.0,-0.3336223901696486,71.0,0.0,2025,7,Thursday,20:08:56,63.0,0.0,248.71428571428572,9.857142857142858,0.0,8.881975184248867,20.0,21.0
1.0,76.0,10.0,23394502.0,-0.2781670850657679,188.0,19.0,2025,7,Thursday,19:39:13,112.0,9.0,420.05263157894734,43.473684210526315,0.1071428571428571,10.604131561522696,20.0,21.0
22.0,359.0,23.0,7089530.0,-0.23376933324544055,822.0,75.0,2025,7,Thursday,19:53:16,463.0,52.0,1481.1782945736434,110.73643410852712,0.1447084233261339,11.109473329472568,20.0,21.0
,,,,,,,2025,7,Thursday,20:05:10,,,,,,,,
15.0,673.0,6.0,40856531.0,-0.15134029967713458,704.0,9.0,2025,7,Thursday,19:30:37,31.0,3.0,380.5,4.25,0.0967741935483871,11.661354090741,20.0,21.0
20.0,294.0,24.0,286499741.0,0.6645731017002029,615.0,46.0,2025,7,Thursday,19:31:22,321.0,22.0,7633.540540540541,38.891891891891895,0.087227414330218,13.30967413408274,20.0,21.0
24.0,6161.0,159.0,31355416.0,-0.08600021209250179,10735.0,252.0,2025,7,Thursday,19:22:41,4574.0,93.0,1079.7575757575758,31.74242424242424,0.0314822912111937,11.951186847493476,20.0,21.0
24.0,724.0,6.0,28496517.0,-0.3218946821416376,1084.0,7.0,2025,7,Thursday,19:38:38,360.0,1.0,1079.7575757575758,31.74242424242424,0.0194444444444444,9.561067663645012,20.0,21.0
22.0,36.0,4.0,11675.0,-0.34565669399324905,79.0,5.0,2025,7,Thursday,20:07:44,43.0,1.0,1481.1782945736434,110.73643410852712,0.0232558139534883,2.8903717578961645,20.0,21.0
22.0,0.0,0.0,23832.0,-0.34561313393485926,0.0,0.0,2025,7,Thursday,20:10:19,0.0,0.0,1481.1782945736434,110.73643410852712,0.0,3.784189633918261,20.0,21.0
17.0,2911.0,104.0,32841285.0,-0.2825230909047435,4967.0,247.0,2025,7,Thursday,19:21:13,2056.0,143.0,1323.0,29.375,0.0695525291828793,10.537441898283252,20.0,21.0
22.0,2323.0,384.0,88898598.0,-0.008932416479857994,11347.0,1443.0,2025,7,Thursday,19:59:55,9024.0,1059.0,1481.1782945736434,110.73643410852712,0.1429521276595744,12.211065162153217,20.0,21.0
23.0,498.0,7.0,4433882.0,-0.3371909641838862,550.0,7.0,2025,7,Thursday,19:27:53,52.0,0.0,1012.8636363636364,34.63636363636363,1.3461538461538465,8.531293315795018,20.0,21.0
20.0,5.0,0.0,16324.0,-0.34563491396405416,5.0,0.0,2025,7,Thursday,19:23:57,0.0,0.0,7633.540540540541,38.891891891891895,0.0,3.4339872044851463,20.0,21.0
23.0,18.0,5.0,185529.0,-0.3439427732342983,56.0,12.0,2025,7,Thursday,19:52:46,38.0,7.0,1012.8636363636364,34.63636363636363,0.2631578947368421,6.947937068614969,20.0,21.0
22.0,565.0,19.0,94540443.0,-0.2491828923679693,1775.0,106.0,2025,7,Thursday,19:57:06,1210.0,87.0,1481.1782945736434,110.73643410852712,0.6504132231404959,10.961295207644392,20.0,21.0
24.0,425.0,34.0,20963224.0,-0.12285872303767925,1513.0,94.0,2025,7,Thursday,20:00:06,1088.0,60.0,1079.7575757575758,31.74242424242424,0.0551470588235294,11.798111925972618,20.0,21.0
10.0,0.0,1.0,62808.0,-0.34559805545310895,24.0,1.0,2025,7,Thursday,20:14:38,24.0,0.0,218.92307692307693,4.076923076923077,0.0,3.970291913552122,20.0,21.0
24.0,4.0,0.0,115945.0,-0.34512057019768283,4.0,0.0,2025,7,Thursday,19:18:56,0.0,0.0,1079.7575757575758,31.74242424242424,0.0,5.823045895483019,20.0,21.0
22.0,0.0,0.0,27291.0,-0.3453232920078813,0.0,0.0,2025,7,Thursday,19:40:26,0.0,0.0,1481.1782945736434,110.73643410852712,0.0,5.37989735354046,20.0,21.0
22.0,36033.0,1097.0,270291994.0,-0.14463875223255684,74012.0,2451.0,2025,7,Thursday,19:30:24,37979.0,1354.0,1481.1782945736434,110.73643410852712,0.0357302719924168,11.695255355062796,20.0,21.0
17.0,618.0,4.0,16442082.0,-0.2525336660902582,695.0,6.0,2025,7,Thursday,19:29:06,77.0,2.0,1323.0,29.375,0.0259740259740259,10.925956465688444,20.0,21.0
22.0,184.0,38.0,59807857.0,-0.15636646026056786,2028.0,338.0,2025,7,Thursday,20:10:00,1844.0,300.0,1481.1782945736434,110.73643410852712,0.2261388286334056,11.635151947212842,20.0,21.0
22.0,0.0,0.0,7025209.0,-0.3395532596580999,4.0,0.0,2025,7,Thursday,20:00:41,4.0,0.0,1481.1782945736434,110.73643410852712,0.0,8.205491613120236,20.0,21.0
24.0,0.0,0.0,570070.0,-0.3408600614097925,0.0,0.0,2025,7,Thursday,20:00:40,0.0,0.0,1079.7575757575758,31.74242424242424,0.0,7.965892735084528,20.0,21.0
27.0,0.0,0.0,138835.0,-0.3370066716291603,0.0,0.0,2025,7,Thursday,19:55:22,0.0,0.0,411.4,46.8,0.0,8.552753366814787,20.0,21.0
23.0,651.0,56.0,282039576.0,0.5824791455041258,2462.0,247.0,2025,7,Thursday,19:59:30,1811.0,191.0,1012.8636363636364,34.63636363636363,0.1419105466593042,13.224921770781943,20.0,21.0
19.0,530.0,5.0,90667335.0,0.5489714082812372,1576.0,16.0,2025,7,Thursday,19:45:08,1046.0,11.0,455.25,46.0,0.0105162523900573,13.188152990599754,20.0,21.0
10.0,151.0,14.0,1022537789.0,2.720272780324419,240.0,23.0,2025,7,Thursday,19:30:07,89.0,9.0,218.92307692307693,4.076923076923077,0.1011235955056179,14.419827071265544,20.0,21.0
23.0,164.0,13.0,222420551.0,2.184148984758201,545.0,41.0,2025,7,Thursday,20:00:40,381.0,28.0,1012.8636363636364,34.63636363636363,0.0734908136482939,14.227620871042545,20.0,21.0
24.0,696.0,4.0,15192999.0,-0.320554372652722,756.0,5.0,2025,7,Thursday,19:34:42,60.0,1.0,1079.7575757575758,31.74242424242424,11.683333333333334,9.61587214452889,20.0,21.0
22.0,506.0,5.0,11604122.0,-0.32524545586392645,711.0,5.0,2025,7,Thursday,19:43:43,205.0,0.0,1481.1782945736434,110.73643410852712,0.0,9.409273194575334,20.0,21.0
1.0,2059.0,122.0,456770066.0,0.05473228424363036,5114.0,288.0,2025,7,Thursday,19:38:34,3055.0,166.0,420.05263157894734,43.473684210526315,0.0592471358428805,12.384223015005311,20.0,21.0
22.0,409.0,15.0,347945.0,-0.34188204739509065,1101.0,38.0,2025,7,Thursday,19:57:16,692.0,23.0,1481.1782945736434,110.73643410852712,0.134393063583815,7.7279755421055585,20.0,21.0
1.0,68.0,10.0,23394502.0,-0.2781670850657679,146.0,18.0,2025,7,Thursday,19:38:58,78.0,8.0,420.05263157894734,43.473684210526315,0.1025641025641025,10.604131561522696,20.0,21.0
24.0,2.0,0.0,92.0,-0.3456784740224439,2.0,0.0,2025,7,Thursday,19:20:01,0.0,0.0,1079.7575757575758,31.74242424242424,0.0,1.6094379124341005,20.0,21.0
22.0,1823.0,251.0,102457665.0,-0.07259711720334634,7375.0,944.0,2025,7,Thursday,20:00:16,5552.0,693.0,1481.1782945736434,110.73643410852712,0.2053314121037464,12.001511614739403,20.0,21.0
20.0,1.0,0.0,9240.0,-0.34554109229983004,1.0,0.0,2025,7,Thursday,19:31:20,0.0,0.0,7633.540540540541,38.891891891891895,0.0,4.465908118654584,20.0,21.0
22.0,1.0,0.0,1718095.0,-0.34292078724900016,2.0,0.0,2025,7,Thursday,19:39:57,1.0,0.0,1481.1782945736434,110.73643410852712,0.0,7.409136443920128,20.0,21.0
22.0,1989.0,223.0,30725052.0,-0.2771618529490813,3888.0,488.0,2025,7,Thursday,19:40:05,1899.0,265.0,1481.1782945736434,110.73643410852712,0.167983149025803,10.61890979160975,20.0,21.0
24.0,306.0,1.0,390454.0,-0.3450099946648473,337.0,1.0,2025,7,Thursday,19:45:02,31.0,0.0,1079.7575757575758,31.74242424242424,0.0,6.0014148779611505,20.0,21.0
27.0,39.0,3.0,2271697.0,-0.31820883104711983,80.0,6.0,2025,7,Thursday,19:30:06,41.0,3.0,411.4,46.8,0.073170731707317,9.70509758756311,20.0,21.0
23.0,1177.0,0.0,58326.0,-0.34550255840202376,1205.0,0.0,2025,7,Thursday,19:24:30,28.0,0.0,1012.8636363636364,34.63636363636363,0.0,4.700480365792417,20.0,21.0
22.0,195.0,18.0,33376048.0,-0.21249192010890627,521.0,53.0,2025,7,Thursday,19:54:11,326.0,35.0,1481.1782945736434,110.73643410852712,0.107361963190184,11.283524879179666,20.0,21.0
24.0,380.0,0.0,1267400.0,-0.3183763697332343,846.0,0.0,2025,7,Thursday,19:48:02,466.0,0.0,1079.7575757575758,31.74242424242424,0.0,9.69898173460629,20.0,21.0
22.0,900.0,15.0,161299901.0,-0.047466314286179895,1731.0,33.0,2025,7,Thursday,19:52:14,831.0,18.0,1481.1782945736434,110.73643410852712,0.0216606498194945,12.08954444723597,20.0,21.0
24.0,81.0,1.0,2835921.0,-0.32222975951386645,236.0,3.0,2025,7,Thursday,19:33:41,155.0,2.0,1079.7575757575758,31.74242424242424,0.0129032258064516,9.546884034617923,20.0,21.0
24.0,2.0,0.0,59428.0,-0.3443934522999461,3.0,1.0,2025,7,Thursday,19:50:05,1.0,1.0,1079.7575757575758,31.74242424242424,1.0,6.648984550024776,20.0,21.0
22.0,554.0,7.0,49145280.0,-0.2515284339735715,559.0,7.0,2025,7,Thursday,19:30:43,5.0,0.0,1481.1782945736434,110.73643410852712,0.0,10.936689829317784,20.0,21.0
22.0,156.0,15.0,916376.0,-0.33414176009660335,448.0,56.0,2025,7,Thursday,19:39:10,292.0,41.0,1481.1782945736434,110.73643410852712,0.1404109589041096,8.837971491357209,20.0,21.0
22.0,0.0,0.0,86699.0,-0.3445559648254771,2.0,1.0,2025,7,Thursday,20:06:21,2.0,1.0,1481.1782945736434,110.73643410852712,0.5,6.51471269087253,20.0,21.0
24.0,481.0,8.0,923855.0,-0.3405919995120094,481.0,6.0,2025,7,Thursday,19:22:21,0.0,-2.0,1079.7575757575758,31.74242424242424,0.0,8.019941687677365,20.0,21.0
22.0,655.0,4.0,18314841.0,-0.30463819747184995,669.0,7.0,2025,7,Thursday,19:50:25,14.0,3.0,1481.1782945736434,110.73643410852712,0.2142857142857142,10.106469212026385,20.0,21.0
27.0,115.0,21.0,79532324.0,-0.04914170114732432,247.0,36.0,2025,7,Thursday,19:30:11,132.0,15.0,411.4,46.8,0.1363636363636363,12.08391066125752,20.0,21.0
22.0,0.0,0.0,576.0,-0.34565669399324905,0.0,0.0,2025,7,Thursday,19:30:05,0.0,0.0,1481.1782945736434,110.73643410852712,0.0,2.8903717578961645,20.0,21.0
22.0,395.0,4.0,178727.0,-0.34484245597873286,421.0,4.0,2025,7,Thursday,19:41:39,26.0,0.0,1481.1782945736434,110.73643410852712,0.0,6.222576268071369,20.0,21.0
24.0,2.0,1.0,35373.0,-0.3454271659932722,2.0,1.0,2025,7,Thursday,19:58:21,0.0,0.0,1079.7575757575758,31.74242424242424,0.0,5.043425116919247,20.0,21.0
22.0,3819.0,319.0,831652444.0,2.9548269408846393,22397.0,1563.0,2025,7,Thursday,20:03:37,18578.0,1244.0,1481.1782945736434,110.73643410852712,0.0688986973840025,14.493544608328255,20.0,21.0
1.0,2.0,1.0,190379.0,-0.3446179541393395,3.0,1.0,2025,7,Thursday,19:38:29,1.0,0.0,420.05263157894734,43.473684210526315,0.0,6.45833828334479,20.0,21.0
22.0,432.0,13.0,419401.0,-0.3432056030153947,970.0,24.0,2025,7,Thursday,19:39:20,538.0,11.0,1481.1782945736434,110.73643410852712,0.020446096654275,7.300472814267799,20.0,21.0
22.0,27723.0,229.0,1272137051.0,2.854303729215973,62925.0,559.0,2025,7,Thursday,19:47:29,35202.0,330.0,1481.1782945736434,110.73643410852712,0.0093744673598091,14.462614323582883,20.0,21.0
23.0,1220.0,14.0,54533161.0,0.022899933881886183,1492.0,27.0,2025,7,Thursday,19:26:56,272.0,13.0,1012.8636363636364,34.63636363636363,0.0477941176470588,12.301387370778713,20.0,21.0
25.0,8.0,0.0,63784201.0,0.029601481326463903,8.0,0.0,2025,7,Thursday,19:45:17,0.0,0.0,502.8888888888889,22.11111111111111,0.0,12.319405795112926,20.0,21.0
,,,,,,,2025,7,Thursday,19:49:06,,,,,,,,
17.0,648.0,0.0,33384299.0,-0.2888895609770923,2856.0,0.0,2025,7,Thursday,20:03:17,2208.0,0.0,1323.0,29.375,0.0,10.431199791458544,20.0,21.0
24.0,542.0,11.0,366488381.0,1.8658254811407595,923.0,19.0,2025,7,Thursday,19:35:46,381.0,8.0,1079.7575757575758,31.74242424242424,0.0446194225721784,14.093143052138023,20.0,21.0
24.0,0.0,0.0,2913.0,-0.34566172015383245,0.0,0.0,2025,7,Thursday,19:30:06,0.0,0.0,1079.7575757575758,31.74242424242424,0.0,2.70805020110221,20.0,21.0
25.0,84.0,2.0,302100675.0,0.16530781707916276,203.0,5.0,2025,7,Thursday,19:35:17,119.0,3.0,502.8888888888889,22.11111111111111,0.0504201680672268,12.628070334272698,20.0,21.0
20.0,524.0,2.0,8736457.0,-0.3436914652051266,524.0,2.0,2025,7,Thursday,19:24:30,0.0,0.0,7633.540540540541,38.891891891891895,0.0,7.0825485693553,20.0,21.0
22.0,1289.0,30.0,11513230.0,-0.3193816018499209,2766.0,80.0,2025,7,Thursday,19:32:52,1477.0,50.0,1481.1782945736434,110.73643410852712,0.5077860528097495,9.66147968357552,20.0,21.0
20.0,43.0,2.0,111515081.0,0.8823733936489789,109.0,3.0,2025,7,Thursday,19:30:06,66.0,1.0,7633.540540540541,38.891891891891895,0.0151515151515151,13.504902345124338,20.0,21.0
22.0,34.0,0.0,8517.0,-0.34566339554069364,39.0,0.0,2025,7,Thursday,19:59:01,5.0,0.0,1481.1782945736434,110.73643410852712,0.0,2.6390573296152584,20.0,21.0
20.0,12.0,2.0,230383.0,-0.341329169730913,15.0,3.0,2025,7,Thursday,20:00:28,3.0,1.0,7633.540540540541,38.891891891891895,0.3333333333333333,7.8636512654486515,20.0,21.0
27.0,119.0,2.0,1800074.0,-0.3247428398055831,136.0,5.0,2025,7,Thursday,19:44:00,17.0,3.0,411.4,46.8,0.1764705882352941,9.433563920090563,20.0,21.0
22.0,705.0,0.0,4895496.0,-0.3295344462284562,1432.0,0.0,2025,7,Thursday,19:22:34,727.0,0.0,1481.1782945736434,110.73643410852712,0.1925722145804676,9.17378011666438,20.0,21.0
20.0,0.0,0.0,13132.0,-0.34561145854799813,0.0,0.0,2025,7,Thursday,19:31:20,0.0,0.0,7633.540540540541,38.891891891891895,0.0,3.80666248977032,20.0,21.0
20.0,0.0,0.0,4648.0,-0.3455913539056644,1.0,0.0,2025,7,Thursday,20:11:16,1.0,0.0,7633.540540540541,38.891891891891895,0.0,4.04305126783455,20.0,21.0
25.0,9882.0,113.0,314136854.0,1.6982867950263165,12722.0,113.0,2025,7,Thursday,19:38:30,2840.0,0.0,502.8888888888889,22.11111111111111,0.0,14.014362236381237,20.0,21.0
20.0,309.0,10.0,77527.0,-0.34379198841679526,317.0,14.0,2025,7,Thursday,19:41:06,8.0,4.0,7633.540540540541,38.891891891891895,35.5,7.030857476116121,20.0,21.0
20.0,506115.0,9356.0,138457789.0,1.5139942403004292,506115.0,9371.0,2025,7,Thursday,19:33:17,0.0,15.0,7633.540540540541,38.891891891891895,0.0,13.919871474189012,20.0,21.0
2.0,440.0,38.0,17777875.0,-0.2857063259409179,798.0,79.0,2025,7,Thursday,19:19:17,358.0,41.0,248.71428571428572,9.857142857142858,0.1899441340782122,10.485731104959568,20.0,21.0
24.0,184.0,52.0,55274.0,-0.34541208751152197,494.0,97.0,2025,7,Thursday,19:30:06,310.0,45.0,1079.7575757575758,31.74242424242424,0.5483870967741935,5.099866427824199,20.0,21.0
25.0,228.0,0.0,1237416.0,-0.3402066605339462,330.0,2.0,2025,7,Thursday,20:00:18,102.0,2.0,502.8888888888889,22.11111111111111,0.0196078431372549,8.092851027538384,20.0,21.0
22.0,772.0,4.0,149732.0,-0.3453299935553259,902.0,5.0,2025,7,Thursday,19:53:27,130.0,1.0,1481.1782945736434,110.73643410852712,0.0615384615384615,5.3612921657094255,20.0,21.0
20.0,47720.0,997.0,2658877.0,-0.326585765352842,86100.0,986.0,2025,7,Thursday,19:55:32,38380.0,-11.0,7633.540540540541,38.891891891891895,-0.0002866076081292,9.34145634983372,20.0,21.0
24.0,11.0,5.0,248231.0,-0.3328182044762993,35.0,10.0,2025,7,Thursday,19:53:54,24.0,5.0,1079.7575757575758,31.74242424242424,3.125,8.946505025998682,20.0,21.0
1.0,1296.0,57.0,592672382.0,1.070016722097155,3071.0,143.0,2025,7,Thursday,19:38:38,1775.0,86.0,420.05263157894734,43.473684210526315,0.0501408450704225,13.647093089770562,20.0,21.0
1.0,391.0,53.0,111010211.0,0.6009084009767146,1007.0,119.0,2025,7,Thursday,19:48:33,616.0,66.0,420.05263157894734,43.473684210526315,0.1363636363636363,13.244582780038517,20.0,21.0
22.0,303.0,5.0,2669.0,-0.3456650709275548,439.0,10.0,2025,7,Thursday,19:24:23,136.0,5.0,1481.1782945736434,110.73643410852712,0.0367647058823529,2.5649493574615367,20.0,21.0
22.0,1.0,0.0,31.0,-0.3456583693801102,1.0,0.0,2025,7,Thursday,19:58:16,0.0,0.0,1481.1782945736434,110.73643410852712,0.0,2.833213344056216,20.0,21.0
22.0,481.0,73.0,71707935.0,-0.052492474869613184,1095.0,195.0,2025,7,Thursday,19:36:09,614.0,122.0,1481.1782945736434,110.73643410852712,0.1986970684039088,12.07254696717504,20.0,21.0
24.0,262.0,5.0,826322.0,-0.337408764475835,267.0,5.0,2025,7,Thursday,19:37:52,5.0,0.0,1079.7575757575758,31.74242424242424,0.0,8.50532301884575,20.0,21.0
20.0,1899.0,31.0,491276857.0,0.06645999227164137,5668.0,110.0,2025,7,Thursday,19:48:52,3769.0,79.0,7633.540540540541,38.891891891891895,0.0257362695675245,12.413090879946887,20.0,21.0
27.0,33.0,8.0,366871.0,-0.3358841624321936,84.0,17.0,2025,7,Thursday,19:43:13,51.0,9.0,411.4,46.8,0.5294117647058824,8.674367865788236,20.0,21.0
20.0,0.0,0.0,528433.0,-0.3447318804458973,1.0,0.0,2025,7,Thursday,20:00:06,1.0,0.0,7633.540540540541,38.891891891891895,0.0,6.345636360828596,20.0,21.0
22.0,3163.0,31.0,203282014.0,-0.047466314286179895,5914.0,74.0,2025,7,Thursday,19:41:28,2751.0,43.0,1481.1782945736434,110.73643410852712,0.0167211922937113,12.08954444723597,20.0,21.0
22.0,175.0,6.0,128644881.0,0.2122186491912068,783.0,37.0,2025,7,Thursday,20:09:18,608.0,31.0,1481.1782945736434,110.73643410852712,0.0509868421052631,12.715900771961074,20.0,21.0
22.0,208.0,10.0,41527548.0,-0.28905709966320675,708.0,40.0,2025,7,Thursday,20:03:47,500.0,30.0,1481.1782945736434,110.73643410852712,0.06,10.428245666832275,20.0,21.0
22.0,0.0,0.0,1718095.0,-0.34292078724900016,0.0,0.0,2025,7,Thursday,19:47:45,0.0,0.0,1481.1782945736434,110.73643410852712,0.0,7.409136443920128,20.0,21.0
2.0,188.0,1.0,2325502.0,-0.28319324564920123,252.0,2.0,2025,7,Thursday,19:51:08,64.0,1.0,248.71428571428572,9.857142857142858,0.015625,10.526775414924009,20.0,21.0
24.0,0.0,0.0,2315.0,-0.3456734478618605,0.0,0.0,2025,7,Thursday,19:35:11,0.0,0.0,1079.7575757575758,31.74242424242424,0.0,2.0794415416798357,20.0,21.0
24.0,379.0,71.0,3240983.0,-0.19908882521975083,986.0,174.0,2025,7,Thursday,19:47:36,607.0,103.0,1079.7575757575758,31.74242424242424,1.3822075782537069,11.37940550085183,20.0,21.0
24.0,701.0,82.0,421009779.0,0.6980808389230916,14214.0,1215.0,2025,7,Thursday,20:00:20,13513.0,1133.0,1079.7575757575758,31.74242424242424,0.084067194553393,13.342303402904738,20.0,21.0
24.0,0.0,0.0,5348021.0,-0.326585765352842,697.0,24.0,2025,7,Thursday,20:15:34,697.0,24.0,1079.7575757575758,31.74242424242424,0.0344332855093256,9.34145634983372,20.0,21.0
22.0,1.0,0.0,1812449.0,-0.3309417711918175,2.0,0.0,2025,7,Thursday,19:43:39,1.0,0.0,1481.1782945736434,110.73643410852712,0.0,9.082620630373812,20.0,21.0
23.0,11097.0,158.0,168647287.0,-0.10778024128737938,17776.0,293.0,2025,7,Thursday,19:18:20,6679.0,135.0,1012.8636363636364,34.63636363636363,0.0206617757149273,11.863589378812122,20.0,21.0
15.0,132.0,2.0,1066407.0,-0.340122891190889,345.0,9.0,2025,7,Thursday,19:39:43,213.0,7.0,380.5,4.25,0.0328638497652582,8.108021221376747,20.0,21.0
27.0,1214.0,51.0,322219402.0,1.6480251891919835,4755.0,476.0,2025,7,Thursday,19:58:04,3541.0,425.0,411.4,46.8,0.1200225924879977,13.989464705423494,20.0,21.0
22.0,0.0,0.0,45640.0,-0.3436914652051266,0.0,0.0,2025,7,Thursday,19:20:53,0.0,0.0,1481.1782945736434,110.73643410852712,0.0,7.0825485693553,20.0,21.0
28.0,0.0,0.0,168026.0,-0.3448223513363991,4.0,0.0,2025,7,Thursday,19:31:33,4.0,0.0,4.0,0.0,0.0,6.246106765481563,20.0,21.0
22.0,3732.0,45.0,261324207.0,0.7634209265077243,5256.0,62.0,2025,7,Thursday,19:25:12,1524.0,17.0,1481.1782945736434,110.73643410852712,0.0111548556430446,13.403022345492024,20.0,21.0
24.0,16.0,1.0,344236.0,-0.34091032301562685,46.0,3.0,2025,7,Thursday,19:26:42,30.0,2.0,1079.7575757575758,31.74242424242424,0.0666666666666666,7.955425088912672,20.0,21.0
22.0,3.0,0.0,297835.0,-0.3392851977603168,8.0,0.0,2025,7,Thursday,19:38:01,5.0,0.0,1481.1782945736434,110.73643410852712,0.0,8.2482674474469,20.0,21.0
20.0,484.0,3.0,2030084.0,-0.3207219113388365,1045.0,12.0,2025,7,Thursday,20:02:24,561.0,9.0,7633.540540540541,38.891891891891895,1.2691622103386808,9.60918360377546,20.0,21.0
2.0,1.0,0.0,16009.0,-0.34558465235821983,210.0,0.0,2025,7,Thursday,20:15:44,209.0,0.0,248.71428571428572,9.857142857142858,0.0,4.110873864173311,20.0,21.0
22.0,0.0,0.0,802.0,-0.3456734478618605,0.0,0.0,2025,7,Thursday,19:37:39,0.0,0.0,1481.1782945736434,110.73643410852712,0.0,2.0794415416798357,20.0,21.0
24.0,0.0,1.0,1260350.0,-0.34417230123427506,88.0,1.0,2025,7,Thursday,20:14:42,88.0,0.0,1079.7575757575758,31.74242424242424,0.0,6.806829360392176,20.0,21.0
22.0,3396.0,183.0,770014537.0,0.6494946199499031,5075.0,322.0,2025,7,Thursday,19:44:47,1679.0,139.0,1481.1782945736434,110.73643410852712,0.0827873734365693,13.29463628184505,20.0,21.0
22.0,3089.0,192.0,255713027.0,0.009496838992730738,8230.0,590.0,2025,7,Thursday,19:31:24,5141.0,398.0,1481.1782945736434,110.73643410852712,0.0780003890293717,12.264346270624156,20.0,21.0
2.0,235.0,4.0,287204559.0,0.027926094465319472,345.0,10.0,2025,7,Thursday,19:30:58,110.0,6.0,248.71428571428572,9.857142857142858,0.2181818181818181,12.314931534737134,20.0,21.0
10.0,325.0,4.0,112014218.0,-0.1312356573434014,390.0,8.0,2025,7,Thursday,19:43:51,65.0,4.0,218.92307692307693,4.076923076923077,0.1076923076923077,11.759793355371237,20.0,21.0
24.0,80.0,5.0,5030911.0,-0.2795073945546835,148.0,8.0,2025,7,Thursday,19:30:06,68.0,3.0,1079.7575757575758,31.74242424242424,0.0441176470588235,10.584081267024454,20.0,21.0
1.0,4.0,1.0,552790.0,-0.340424460825895,4.0,1.0,2025,7,Thursday,19:59:00,0.0,0.0,420.05263157894734,43.473684210526315,0.0,8.052296499538647,20.0,21.0
24.0,364.0,0.0,10496683.0,-0.3012874237495611,880.0,0.0,2025,7,Thursday,19:43:37,516.0,0.0,1079.7575757575758,31.74242424242424,0.0116279069767441,10.184937747111393,20.0,21.0
23.0,615.0,26.0,75255973.0,-0.21450238434227958,3563.0,104.0,2025,7,Thursday,19:57:26,2948.0,78.0,1012.8636363636364,34.63636363636363,0.0264586160108548,11.268315653289422,20.0,21.0
22.0,15.0,0.0,82786.0,-0.3365375633080399,19.0,0.0,2025,7,Thursday,20:13:03,4.0,0.0,1481.1782945736434,110.73643410852712,0.0,8.605387202152153,20.0,21.0
25.0,6.0,0.0,1973856.0,-0.33293548155657937,6.0,0.0,2025,7,Thursday,19:20:22,0.0,0.0,502.8888888888889,22.11111111111111,0.0,8.937349848267392,20.0,21.0
22.0,76.0,1.0,161854.0,-0.3432558646212291,85.0,2.0,2025,7,Thursday,19:29:03,9.0,1.0,1481.1782945736434,110.73643410852712,0.1111111111111111,7.280008252884188,20.0,21.0
22.0,1315.0,14.0,11530462.0,-0.23309917850098277,2584.0,21.0,2025,7,Thursday,19:31:23,1269.0,7.0,1481.1782945736434,110.73643410852712,0.0149724192277383,11.1154434073529,20.0,21.0
1.0,87.0,3.0,380276391.0,2.351687670872644,221.0,5.0,2025,7,Thursday,20:00:21,134.0,2.0,420.05263157894734,43.473684210526315,0.0373134328358208,14.291745358078463,20.0,21.0
22.0,0.0,0.0,45640.0,-0.3436914652051266,0.0,0.0,2025,7,Thursday,19:25:19,0.0,0.0,1481.1782945736434,110.73643410852712,0.0,7.0825485693553,20.0,21.0
,,,,,,,2025,7,Thursday,19:54:51,,,,,,,,
2.0,620.0,8.0,17967128.0,-0.24264888360950604,1388.0,27.0,2025,7,Thursday,20:00:48,768.0,19.0,248.71428571428572,9.857142857142858,0.0247395833333333,11.026808713825016,20.0,21.0
27.0,0.0,0.0,119787.0,-0.3446263310736452,7.0,0.0,2025,7,Thursday,19:27:36,7.0,0.0,411.4,46.8,0.0,6.450470422144176,20.0,21.0
10.0,2.0,1.0,21249.0,-0.3456014062268313,2.0,1.0,2025,7,Thursday,20:11:14,0.0,0.0,218.92307692307693,4.076923076923077,0.0,3.9318256327243257,20.0,21.0
22.0,385.0,3.0,8908641.0,-0.3079889711941388,656.0,9.0,2025,7,Thursday,19:53:08,271.0,6.0,1481.1782945736434,110.73643410852712,0.022140221402214,10.021315031649332,20.0,21.0
22.0,159.0,2.0,11579.0,-0.3346108684177238,572.0,7.0,2025,7,Thursday,20:05:07,413.0,5.0,1481.1782945736434,110.73643410852712,0.0121065375302663,8.796490207333578,20.0,21.0
22.0,0.0,0.0,45640.0,-0.3436914652051266,0.0,0.0,2025,7,Thursday,19:19:30,0.0,0.0,1481.1782945736434,110.73643410852712,0.0,7.0825485693553,20.0,21.0
22.0,824.0,12.0,65522293.0,-0.3053083522163077,995.0,19.0,2025,7,Thursday,19:33:21,171.0,7.0,1481.1782945736434,110.73643410852712,0.0584795321637426,10.090008612393838,20.0,21.0
20.0,20.0,0.0,9534.0,-0.3455310399786632,21.0,0.0,2025,7,Thursday,20:17:20,1.0,0.0,7633.540540540541,38.891891891891895,0.0,4.532599493153256,20.0,21.0
27.0,57.0,3.0,270899.0,-0.3433061262270634,164.0,4.0,2025,7,Thursday,20:06:02,107.0,1.0,411.4,46.8,0.0093457943925233,7.259116128097101,20.0,21.0
24.0,11.0,3.0,262989.0,-0.3448357544312883,11.0,3.0,2025,7,Thursday,20:01:13,0.0,0.0,1079.7575757575758,31.74242424242424,0.0,6.230481447578482,20.0,21.0
17.0,2452.0,36.0,6178617.0,-0.2565545945570048,2984.0,36.0,2025,7,Thursday,19:51:25,532.0,0.0,1323.0,29.375,0.0,10.881832472145556,20.0,21.0
23.0,837.0,72.0,276072304.0,0.8103317586197684,1731.0,156.0,2025,7,Thursday,19:29:01,894.0,84.0,1012.8636363636364,34.63636363636363,0.1006711409395973,13.444448325847754,20.0,21.0
1.0,182.0,28.0,548332818.0,2.837549860604529,278.0,46.0,2025,7,Thursday,19:30:55,96.0,18.0,420.05263157894734,43.473684210526315,0.21875,14.45736497045232,20.0,21.0
20.0,3952.0,29.0,335983850.0,0.3278203426101725,5210.0,78.0,2025,7,Thursday,19:30:53,1258.0,49.0,7633.540540540541,38.891891891891895,0.0389507154213036,12.904209855160254,20.0,21.0
22.0,297.0,3.0,22095.0,-0.34562821241660957,424.0,3.0,2025,7,Thursday,19:28:18,127.0,0.0,1481.1782945736434,110.73643410852712,0.0,3.5553480614894135,20.0,21.0
22.0,140.0,1.0,17238.0,-0.3455461184604135,230.0,1.0,2025,7,Thursday,20:01:09,90.0,0.0,1481.1782945736434,110.73643410852712,0.0,4.430816798843313,20.0,21.0
24.0,537.0,14.0,1542577.0,-0.2977691113411578,2662.0,54.0,2025,7,Thursday,20:01:53,2125.0,40.0,1079.7575757575758,31.74242424242424,0.0343529411764705,10.261196961231647,20.0,21.0
1.0,124.0,7.0,55661.0,-0.3455327153655243,432.0,10.0,2025,7,Thursday,19:35:04,308.0,3.0,420.05263157894734,43.473684210526315,0.0324675324675324,4.5217885770490405,20.0,21.0
23.0,0.0,0.0,6961.0,-0.3456650709275548,0.0,0.0,2025,7,Thursday,19:48:37,0.0,0.0,1012.8636363636364,34.63636363636363,0.0,2.5649493574615367,20.0,21.0
19.0,2203.0,17.0,2330014.0,-0.33020460097291393,2262.0,17.0,2025,7,Thursday,19:22:44,59.0,0.0,455.25,46.0,0.0,9.13140538388804,20.0,21.0
23.0,245.0,6.0,51306.0,-0.3435071726504007,385.0,10.0,2025,7,Thursday,19:56:27,140.0,4.0,1012.8636363636364,34.63636363636363,0.0285714285714285,7.170888478512505,20.0,21.0
20.0,5182.0,399.0,71357196.0,0.19043861999632922,47755.0,392.0,2025,7,Thursday,19:22:14,42573.0,-7.0,7633.540540540541,38.891891891891895,-0.0001644234608789,12.676079399771028,20.0,21.0
24.0,137.0,6.0,380944455.0,0.8622687513152457,4487.0,134.0,2025,7,Thursday,20:11:30,4350.0,128.0,1079.7575757575758,31.74242424242424,0.0301149425287356,13.488395803228675,20.0,21.0
22.0,150.0,13.0,29144240.0,-0.30078480769121774,1852.0,167.0,2025,7,Thursday,20:09:25,1702.0,154.0,1481.1782945736434,110.73643410852712,0.0957696827262044,10.196194479235656,20.0,21.0
22.0,0.0,0.0,6304.0,-0.34564999244580447,0.0,0.0,2025,7,Thursday,20:05:00,0.0,0.0,1481.1782945736434,110.73643410852712,0.0,3.091042453358316,20.0,21.0
24.0,1967.0,35.0,221320.0,-0.3350464690016214,2088.0,44.0,2025,7,Thursday,19:39:01,121.0,9.0,1079.7575757575758,31.74242424242424,7.041322314049586,8.756367559802975,20.0,21.0
22.0,463.0,5.0,39028313.0,-0.20930868507273187,673.0,8.0,2025,7,Thursday,20:00:44,210.0,3.0,1481.1782945736434,110.73643410852712,0.0142857142857142,11.307142836927456,20.0,21.0
22.0,8816.0,911.0,41787320.0,-0.21249192010890627,13515.0,2113.0,2025,7,Thursday,19:30:25,4699.0,1202.0,1481.1782945736434,110.73643410852712,0.4060438391147052,11.283524879179666,20.0,21.0
22.0,262.0,3.0,197988.0,-0.3451942872195732,493.0,4.0,2025,7,Thursday,19:55:41,231.0,1.0,1481.1782945736434,110.73643410852712,0.0952380952380952,5.683579767338681,20.0,21.0
22.0,0.0,0.0,802.0,-0.3456734478618605,0.0,0.0,2025,7,Thursday,19:39:54,0.0,0.0,1481.1782945736434,110.73643410852712,0.0,2.0794415416798357,20.0,21.0
1.0,0.0,0.0,206.0,-0.3456818247961662,0.0,0.0,2025,7,Thursday,19:57:06,0.0,0.0,420.05263157894734,43.473684210526315,0.0,1.0986122886681098,20.0,21.0
24.0,0.0,0.0,55192.0,-0.33977105995004864,0.0,0.0,2025,7,Thursday,19:30:06,0.0,0.0,1079.7575757575758,31.74242424242424,0.0,8.169336395928386,20.0,21.0
17.0,0.0,0.0,45713699.0,-0.28989479309377897,1029.0,12.0,2025,7,Thursday,20:14:31,1029.0,12.0,1323.0,29.375,0.6948493683187561,10.413342705547674,20.0,21.0
22.0,0.0,1.0,2551.0,-0.3454975322414403,4.0,1.0,2025,7,Thursday,20:15:34,4.0,0.0,1481.1782945736434,110.73643410852712,1.75,4.727387818712341,20.0,21.0
22.0,5944.0,182.0,182282962.0,0.2390248389695177,7366.0,337.0,2025,7,Thursday,19:18:20,1422.0,155.0,1481.1782945736434,110.73643410852712,0.1174402250351617,12.762830066509972,20.0,21.0
22.0,0.0,0.0,85.0,-0.3456818247961662,0.0,0.0,2025,7,Thursday,20:00:44,0.0,0.0,1481.1782945736434,110.73643410852712,0.0,1.0986122886681098,20.0,21.0
24.0,90.0,0.0,10188.0,-0.3455695738764695,92.0,0.0,2025,7,Thursday,19:51:02,2.0,0.0,1079.7575757575758,31.74242424242424,0.0,4.248495242049359,20.0,21.0
10.0,298.0,88.0,7799553.0,-0.32256483688609533,465.0,115.0,2025,7,Thursday,19:30:06,167.0,27.0,218.92307692307693,4.076923076923077,0.2514970059880239,9.53249633228804,20.0,21.0
24.0,12.0,4.0,379929.0,-0.3417982780520334,36.0,6.0,2025,7,Thursday,19:18:12,24.0,2.0,1079.7575757575758,31.74242424242424,0.3333333333333333,7.749753406274437,20.0,21.0
20.0,6067.0,448.0,13849440.0,-0.25789490404592036,8009.0,664.0,2025,7,Thursday,19:35:54,1942.0,216.0,7633.540540540541,38.891891891891895,0.4716786817713697,10.866680954096502,20.0,21.0
24.0,115.0,2.0,59960.0,-0.34523952266482405,120.0,4.0,2025,7,Thursday,19:22:20,5.0,2.0,1079.7575757575758,31.74242424242424,0.4,5.58724865840025,20.0,21.0
1.0,89.0,4.0,70336296.0,0.7868763425637464,140.0,4.0,2025,7,Thursday,19:22:00,51.0,0.0,420.05263157894734,43.473684210526315,0.0,13.423949834313948,20.0,21.0
